<?xml version="1.0" encoding="UTF-8"?>
<project-private xmlns="http://www.netbeans.org/ns/project-private/1">
    <editor-bookmarks xmlns="http://www.netbeans.org/ns/editor-bookmarks/2" lastBookmarkId="0"/>
    <open-files xmlns="http://www.netbeans.org/ns/projectui-open-files/2">
        <group>
            <file>file:/C:/Users/Luan/OneDrive/Área%20de%20Trabalho/testes/SistemaOdontologico/src/sistemaodontologico/FXMLDocumentController.java</file>
            <file>file:/C:/Users/Luan/OneDrive/Área%20de%20Trabalho/testes/SistemaOdontologico/src/sistemaodontologico/FXMLDocument.fxml</file>
            <file>file:/C:/Users/Luan/OneDrive/Área%20de%20Trabalho/testes/SistemaOdontologico/src/sistemaodontologico/AgendamentoController.java</file>
            <file>file:/C:/Users/Luan/OneDrive/Área%20de%20Trabalho/testes/SistemaOdontologico/src/sistemaodontologico/SistemaOdontologico.java</file>
            <file>file:/C:/Users/Luan/OneDrive/Área%20de%20Trabalho/testes/SistemaOdontologico/src/sistemaodontologico/Agendamento.fxml</file>
        </group>
    </open-files>
</project-private>
